{"v":"5.6.3","fr":29.9700012207031,"ip":0,"op":285.000011608288,"w":500,"h":500,"nm":"MALE","ddd":0,"assets":[],"layers":[{"ddd":0,"ind":1,"ty":4,"nm":"eyebros Outlines","sr":1,"ks":{"o":{"a":0,"k":100,"ix":11},"r":{"a":0,"k":0,"ix":10},"p":{"a":0,"k":[266.509,148.648,0],"ix":2},"a":{"a":0,"k":[42.771,4.896,0],"ix":1},"s":{"a":0,"k":[91.232,69.363,100],"ix":6}},"ao":0,"shapes":[{"ty":"gr","it":[{"ind":0,"ty":"sh","ix":1,"ks":{"a":0,"k":{"i":[[0,0],[0,0],[0,0],[0,0],[2.869,0.239]],"o":[[0.453,0.68],[0,0],[0,0],[-2.575,-1.287],[0,0]],"v":[[-16.545,-4.646],[-13.372,4.646],[16.545,4.646],[6.39,-1.111],[-1.851,-3.422]],"c":true},"ix":2},"nm":"Path 1","mn":"ADBE Vector Shape - Group","hd":false},{"ty":"fl","c":{"a":0,"k":[0.102000000898,0.102000000898,0.102000000898,1],"ix":4},"o":{"a":0,"k":100,"ix":5},"r":1,"bm":0,"nm":"Fill 1","mn":"ADBE Vector Graphic - Fill","hd":false},{"ty":"tr","p":{"a":0,"k":[68.747,4.896],"ix":2},"a":{"a":0,"k":[0,0],"ix":1},"s":{"a":0,"k":[100,100],"ix":3},"r":{"a":0,"k":0,"ix":6},"o":{"a":0,"k":100,"ix":7},"sk":{"a":0,"k":0,"ix":4},"sa":{"a":0,"k":0,"ix":5},"nm":"Transform"}],"nm":"Group 1","np":2,"cix":2,"bm":0,"ix":1,"mn":"ADBE Vector Group","hd":false},{"ty":"gr","it":[{"ind":0,"ty":"sh","ix":1,"ks":{"a":0,"k":{"i":[[0,0],[0,0],[0,0],[0,0],[-2.868,0.239]],"o":[[-0.453,0.68],[0,0],[0,0],[2.575,-1.287],[0,0]],"v":[[16.546,-4.646],[13.372,4.646],[-16.546,4.646],[-6.39,-1.111],[1.85,-3.422]],"c":true},"ix":2},"nm":"Path 1","mn":"ADBE Vector Shape - Group","hd":false},{"ty":"fl","c":{"a":0,"k":[0.102000000898,0.102000000898,0.102000000898,1],"ix":4},"o":{"a":0,"k":100,"ix":5},"r":1,"bm":0,"nm":"Fill 1","mn":"ADBE Vector Graphic - Fill","hd":false},{"ty":"tr","p":{"a":0,"k":[16.796,4.896],"ix":2},"a":{"a":0,"k":[0,0],"ix":1},"s":{"a":0,"k":[100,100],"ix":3},"r":{"a":0,"k":0,"ix":6},"o":{"a":0,"k":100,"ix":7},"sk":{"a":0,"k":0,"ix":4},"sa":{"a":0,"k":0,"ix":5},"nm":"Transform"}],"nm":"Group 2","np":2,"cix":2,"bm":0,"ix":2,"mn":"ADBE Vector Group","hd":false}],"ip":0,"op":300.00001221925,"st":0,"bm":0},{"ddd":0,"ind":3,"ty":4,"nm":"eye1 Outlines","sr":1,"ks":{"o":{"a":0,"k":100,"ix":11},"r":{"a":0,"k":0,"ix":10},"p":{"a":1,"k":[{"i":{"x":0.833,"y":0.833},"o":{"x":0.167,"y":0.167},"t":10,"s":[290.446,169.468,0],"to":[0,0,0],"ti":[0,0,0]},{"i":{"x":0.833,"y":0.833},"o":{"x":0.167,"y":0.167},"t":30,"s":[290.446,169.468,0],"to":[0,0.604,0],"ti":[0,-0.604,0]},{"i":{"x":0.833,"y":0.833},"o":{"x":0.167,"y":0.167},"t":50,"s":[290.446,173.093,0],"to":[0,0,0],"ti":[0,0,0]},{"i":{"x":0.833,"y":0.833},"o":{"x":0.167,"y":0.167},"t":70,"s":[290.446,173.093,0],"to":[0,-0.604,0],"ti":[0,0.604,0]},{"i":{"x":0.833,"y":0.833},"o":{"x":0.167,"y":0.167},"t":90,"s":[290.446,169.468,0],"to":[0,0,0],"ti":[0,0,0]},{"i":{"x":0.833,"y":0.833},"o":{"x":0.167,"y":0.167},"t":104,"s":[290.446,169.468,0],"to":[0,0,0],"ti":[0,0,0]},{"i":{"x":0.833,"y":0.833},"o":{"x":0.167,"y":0.167},"t":124,"s":[290.446,169.468,0],"to":[0,0.604,0],"ti":[0,-0.604,0]},{"i":{"x":0.833,"y":0.833},"o":{"x":0.167,"y":0.167},"t":138,"s":[290.446,173.093,0],"to":[0,0,0],"ti":[0,0,0]},{"i":{"x":0.833,"y":0.833},"o":{"x":0.167,"y":0.167},"t":158,"s":[290.446,173.093,0],"to":[0,-0.604,0],"ti":[0,0.604,0]},{"i":{"x":0.833,"y":0.833},"o":{"x":0.167,"y":0.167},"t":180,"s":[290.446,169.468,0],"to":[0,0,0],"ti":[0,0,0]},{"i":{"x":0.833,"y":0.833},"o":{"x":0.167,"y":0.167},"t":255,"s":[290.446,169.468,0],"to":[0,0,0],"ti":[0,0,0]},{"t":275.00001120098,"s":[290.446,169.468,0]}],"ix":2},"a":{"a":0,"k":[5.443,5.442,0],"ix":1},"s":{"a":1,"k":[{"i":{"x":[0.833,0.833,0.833],"y":[0.833,0.833,0.833]},"o":{"x":[0.167,0.167,0.167],"y":[0.167,0.167,0.167]},"t":10,"s":[100,100,100]},{"i":{"x":[0.833,0.833,0.833],"y":[0.833,0.833,0.833]},"o":{"x":[0.167,0.167,0.167],"y":[0.167,0.167,0.167]},"t":15,"s":[100,54.065,100]},{"i":{"x":[0.833,0.833,0.833],"y":[0.833,0.833,0.833]},"o":{"x":[0.167,0.167,0.167],"y":[0.167,0.167,0.167]},"t":20,"s":[100,100,100]},{"i":{"x":[0.833,0.833,0.833],"y":[0.833,0.833,0.833]},"o":{"x":[0.167,0.167,0.167],"y":[0.167,0.167,0.167]},"t":30,"s":[100,100,100]},{"i":{"x":[0.833,0.833,0.833],"y":[0.833,0.833,0.833]},"o":{"x":[0.167,0.167,0.167],"y":[0.167,0.167,0.167]},"t":50,"s":[86.22,77.033,100]},{"i":{"x":[0.833,0.833,0.833],"y":[0.833,0.833,0.833]},"o":{"x":[0.167,0.167,0.167],"y":[0.167,0.167,0.167]},"t":70,"s":[86.22,77.033,100]},{"i":{"x":[0.833,0.833,0.833],"y":[0.833,0.833,0.833]},"o":{"x":[0.167,0.167,0.167],"y":[0.167,0.167,0.167]},"t":90,"s":[100,100,100]},{"i":{"x":[0.833,0.833,0.833],"y":[0.833,0.833,0.833]},"o":{"x":[0.167,0.167,0.167],"y":[0.167,0.167,0.167]},"t":104,"s":[100,100,100]},{"i":{"x":[0.833,0.833,0.833],"y":[0.833,0.833,0.833]},"o":{"x":[0.167,0.167,0.167],"y":[0.167,0.167,0.167]},"t":109,"s":[100,54.065,100]},{"i":{"x":[0.833,0.833,0.833],"y":[0.833,0.833,0.833]},"o":{"x":[0.167,0.167,0.167],"y":[0.167,0.167,0.167]},"t":114,"s":[100,100,100]},{"i":{"x":[0.833,0.833,0.833],"y":[0.833,0.833,0.833]},"o":{"x":[0.167,0.167,0.167],"y":[0.167,0.167,0.167]},"t":124,"s":[100,100,100]},{"i":{"x":[0.833,0.833,0.833],"y":[0.833,0.833,0.833]},"o":{"x":[0.167,0.167,0.167],"y":[0.167,0.167,0.167]},"t":138,"s":[86.22,77.033,100]},{"i":{"x":[0.833,0.833,0.833],"y":[0.833,0.833,0.833]},"o":{"x":[0.167,0.167,0.167],"y":[0.167,0.167,0.167]},"t":158,"s":[86.22,77.033,100]},{"i":{"x":[0.833,0.833,0.833],"y":[0.833,0.833,0.833]},"o":{"x":[0.167,0.167,0.167],"y":[0.167,0.167,0.167]},"t":180,"s":[100,100,100]},{"i":{"x":[0.833,0.833,0.833],"y":[0.833,0.833,0.833]},"o":{"x":[0.167,0.167,0.167],"y":[0.167,0.167,0.167]},"t":255,"s":[100,100,100]},{"i":{"x":[0.833,0.833,0.833],"y":[0.833,0.833,0.833]},"o":{"x":[0.167,0.167,0.167],"y":[0.167,0.167,0.167]},"t":260,"s":[100,54.065,100]},{"i":{"x":[0.833,0.833,0.833],"y":[0.833,0.833,0.833]},"o":{"x":[0.167,0.167,0.167],"y":[0.167,0.167,0.167]},"t":265,"s":[100,100,100]},{"t":275.00001120098,"s":[100,100,100]}],"ix":6}},"ao":0,"shapes":[{"ty":"gr","it":[{"ind":0,"ty":"sh","ix":1,"ks":{"a":0,"k":{"i":[[0,-2.868],[2.868,0],[0,2.868],[-2.868,0]],"o":[[0,2.868],[-2.868,0],[0,-2.868],[2.868,0]],"v":[[5.193,0],[0,5.193],[-5.193,0],[0,-5.193]],"c":true},"ix":2},"nm":"Path 1","mn":"ADBE Vector Shape - Group","hd":false},{"ty":"fl","c":{"a":0,"k":[0.102000000898,0.102000000898,0.102000000898,1],"ix":4},"o":{"a":0,"k":100,"ix":5},"r":1,"bm":0,"nm":"Fill 1","mn":"ADBE Vector Graphic - Fill","hd":false},{"ty":"tr","p":{"a":0,"k":[5.443,5.443],"ix":2},"a":{"a":0,"k":[0,0],"ix":1},"s":{"a":0,"k":[100,100],"ix":3},"r":{"a":0,"k":0,"ix":6},"o":{"a":0,"k":100,"ix":7},"sk":{"a":0,"k":0,"ix":4},"sa":{"a":0,"k":0,"ix":5},"nm":"Transform"}],"nm":"Group 1","np":2,"cix":2,"bm":0,"ix":1,"mn":"ADBE Vector Group","hd":false}],"ip":0,"op":300.00001221925,"st":0,"bm":0},{"ddd":0,"ind":5,"ty":4,"nm":"eye2 Outlines","sr":1,"ks":{"o":{"a":0,"k":100,"ix":11},"r":{"a":0,"k":0,"ix":10},"p":{"a":1,"k":[{"i":{"x":0.833,"y":0.833},"o":{"x":0.167,"y":0.167},"t":10,"s":[242.057,169.468,0],"to":[0,0,0],"ti":[0,0,0]},{"i":{"x":0.833,"y":0.833},"o":{"x":0.167,"y":0.167},"t":30,"s":[242.057,169.468,0],"to":[0,0.604,0],"ti":[0,-0.604,0]},{"i":{"x":0.833,"y":0.833},"o":{"x":0.167,"y":0.167},"t":50,"s":[242.057,173.093,0],"to":[0,0,0],"ti":[0,0,0]},{"i":{"x":0.833,"y":0.833},"o":{"x":0.167,"y":0.167},"t":70,"s":[242.057,173.093,0],"to":[0,-0.604,0],"ti":[0,0.604,0]},{"i":{"x":0.833,"y":0.833},"o":{"x":0.167,"y":0.167},"t":90,"s":[242.057,169.468,0],"to":[0,0,0],"ti":[0,0,0]},{"i":{"x":0.833,"y":0.833},"o":{"x":0.167,"y":0.167},"t":104,"s":[242.057,169.468,0],"to":[0,0,0],"ti":[0,0,0]},{"i":{"x":0.833,"y":0.833},"o":{"x":0.167,"y":0.167},"t":124,"s":[242.057,169.468,0],"to":[0,0.604,0],"ti":[0,-0.604,0]},{"i":{"x":0.833,"y":0.833},"o":{"x":0.167,"y":0.167},"t":138,"s":[242.057,173.093,0],"to":[0,0,0],"ti":[0,0,0]},{"i":{"x":0.833,"y":0.833},"o":{"x":0.167,"y":0.167},"t":158,"s":[242.057,173.093,0],"to":[0,-0.604,0],"ti":[0,0.604,0]},{"i":{"x":0.833,"y":0.833},"o":{"x":0.167,"y":0.167},"t":180,"s":[242.057,169.468,0],"to":[0,0,0],"ti":[0,0,0]},{"i":{"x":0.833,"y":0.833},"o":{"x":0.167,"y":0.167},"t":255,"s":[242.057,169.468,0],"to":[0,0,0],"ti":[0,0,0]},{"t":275.00001120098,"s":[242.057,169.468,0]}],"ix":2},"a":{"a":0,"k":[5.443,5.442,0],"ix":1},"s":{"a":1,"k":[{"i":{"x":[0.833,0.833,0.833],"y":[0.833,0.833,0.833]},"o":{"x":[0.167,0.167,0.167],"y":[0.167,0.167,0.167]},"t":10,"s":[100,100,100]},{"i":{"x":[0.833,0.833,0.833],"y":[0.833,0.833,0.833]},"o":{"x":[0.167,0.167,0.167],"y":[0.167,0.167,0.167]},"t":15,"s":[100,54.065,100]},{"i":{"x":[0.833,0.833,0.833],"y":[0.833,0.833,0.833]},"o":{"x":[0.167,0.167,0.167],"y":[0.167,0.167,0.167]},"t":20,"s":[100,100,100]},{"i":{"x":[0.833,0.833,0.833],"y":[0.833,0.833,0.833]},"o":{"x":[0.167,0.167,0.167],"y":[0.167,0.167,0.167]},"t":30,"s":[100,100,100]},{"i":{"x":[0.833,0.833,0.833],"y":[0.833,0.833,0.833]},"o":{"x":[0.167,0.167,0.167],"y":[0.167,0.167,0.167]},"t":50,"s":[86.22,77.033,100]},{"i":{"x":[0.833,0.833,0.833],"y":[0.833,0.833,0.833]},"o":{"x":[0.167,0.167,0.167],"y":[0.167,0.167,0.167]},"t":70,"s":[86.22,77.033,100]},{"i":{"x":[0.833,0.833,0.833],"y":[0.833,0.833,0.833]},"o":{"x":[0.167,0.167,0.167],"y":[0.167,0.167,0.167]},"t":90,"s":[100,100,100]},{"i":{"x":[0.833,0.833,0.833],"y":[0.833,0.833,0.833]},"o":{"x":[0.167,0.167,0.167],"y":[0.167,0.167,0.167]},"t":104,"s":[100,100,100]},{"i":{"x":[0.833,0.833,0.833],"y":[0.833,0.833,0.833]},"o":{"x":[0.167,0.167,0.167],"y":[0.167,0.167,0.167]},"t":109,"s":[100,54.065,100]},{"i":{"x":[0.833,0.833,0.833],"y":[0.833,0.833,0.833]},"o":{"x":[0.167,0.167,0.167],"y":[0.167,0.167,0.167]},"t":114,"s":[100,100,100]},{"i":{"x":[0.833,0.833,0.833],"y":[0.833,0.833,0.833]},"o":{"x":[0.167,0.167,0.167],"y":[0.167,0.167,0.167]},"t":124,"s":[100,100,100]},{"i":{"x":[0.833,0.833,0.833],"y":[0.833,0.833,0.833]},"o":{"x":[0.167,0.167,0.167],"y":[0.167,0.167,0.167]},"t":138,"s":[86.22,77.033,100]},{"i":{"x":[0.833,0.833,0.833],"y":[0.833,0.833,0.833]},"o":{"x":[0.167,0.167,0.167],"y":[0.167,0.167,0.167]},"t":158,"s":[86.22,77.033,100]},{"i":{"x":[0.833,0.833,0.833],"y":[0.833,0.833,0.833]},"o":{"x":[0.167,0.167,0.167],"y":[0.167,0.167,0.167]},"t":180,"s":[100,100,100]},{"i":{"x":[0.833,0.833,0.833],"y":[0.833,0.833,0.833]},"o":{"x":[0.167,0.167,0.167],"y":[0.167,0.167,0.167]},"t":255,"s":[100,100,100]},{"i":{"x":[0.833,0.833,0.833],"y":[0.833,0.833,0.833]},"o":{"x":[0.167,0.167,0.167],"y":[0.167,0.167,0.167]},"t":260,"s":[100,54.065,100]},{"i":{"x":[0.833,0.833,0.833],"y":[0.833,0.833,0.833]},"o":{"x":[0.167,0.167,0.167],"y":[0.167,0.167,0.167]},"t":265,"s":[100,100,100]},{"t":275.00001120098,"s":[100,100,100]}],"ix":6}},"ao":0,"shapes":[{"ty":"gr","it":[{"ind":0,"ty":"sh","ix":1,"ks":{"a":0,"k":{"i":[[0,-2.868],[2.868,0],[0,2.868],[-2.868,0]],"o":[[0,2.868],[-2.868,0],[0,-2.868],[2.868,0]],"v":[[5.193,0],[-0.001,5.193],[-5.193,0],[-0.001,-5.193]],"c":true},"ix":2},"nm":"Path 1","mn":"ADBE Vector Shape - Group","hd":false},{"ty":"fl","c":{"a":0,"k":[0.102000000898,0.102000000898,0.102000000898,1],"ix":4},"o":{"a":0,"k":100,"ix":5},"r":1,"bm":0,"nm":"Fill 1","mn":"ADBE Vector Graphic - Fill","hd":false},{"ty":"tr","p":{"a":0,"k":[5.443,5.443],"ix":2},"a":{"a":0,"k":[0,0],"ix":1},"s":{"a":0,"k":[100,100],"ix":3},"r":{"a":0,"k":0,"ix":6},"o":{"a":0,"k":100,"ix":7},"sk":{"a":0,"k":0,"ix":4},"sa":{"a":0,"k":0,"ix":5},"nm":"Transform"}],"nm":"Group 1","np":2,"cix":2,"bm":0,"ix":1,"mn":"ADBE Vector Group","hd":false}],"ip":0,"op":300.00001221925,"st":0,"bm":0},{"ddd":0,"ind":7,"ty":4,"nm":"m1 Outlines","sr":1,"ks":{"o":{"a":1,"k":[{"i":{"x":[0.833],"y":[0.833]},"o":{"x":[0.167],"y":[0.167]},"t":75,"s":[100]},{"i":{"x":[0.833],"y":[0.833]},"o":{"x":[0.167],"y":[0.167]},"t":77,"s":[0]},{"i":{"x":[0.833],"y":[0.833]},"o":{"x":[0.167],"y":[0.167]},"t":195,"s":[0]},{"t":200.000008146167,"s":[100]}],"ix":11},"r":{"a":0,"k":0,"ix":10},"p":{"a":0,"k":[266.665,217.016,0],"ix":2},"a":{"a":0,"k":[20.879,5.683,0],"ix":1},"s":{"a":0,"k":[100,100,100],"ix":6}},"ao":0,"shapes":[{"ty":"gr","it":[{"ind":0,"ty":"sh","ix":1,"ks":{"a":0,"k":{"i":[[0,0],[-10.337,0],[0,0]],"o":[[0,0],[10.338,0],[0,0]],"v":[[-18.174,-2.978],[0.693,2.978],[18.174,-2.978]],"c":false},"ix":2},"nm":"Path 1","mn":"ADBE Vector Shape - Group","hd":false},{"ty":"st","c":{"a":0,"k":[0.102000000898,0.102000000898,0.102000000898,1],"ix":3},"o":{"a":0,"k":100,"ix":4},"w":{"a":0,"k":1.082,"ix":5},"lc":2,"lj":2,"bm":0,"nm":"Stroke 1","mn":"ADBE Vector Graphic - Stroke","hd":false},{"ty":"tr","p":{"a":0,"k":[20.879,5.683],"ix":2},"a":{"a":0,"k":[0,0],"ix":1},"s":{"a":0,"k":[100,100],"ix":3},"r":{"a":0,"k":0,"ix":6},"o":{"a":0,"k":100,"ix":7},"sk":{"a":0,"k":0,"ix":4},"sa":{"a":0,"k":0,"ix":5},"nm":"Transform"}],"nm":"Group 1","np":2,"cix":2,"bm":0,"ix":1,"mn":"ADBE Vector Group","hd":false}],"ip":0,"op":300.00001221925,"st":0,"bm":0},{"ddd":0,"ind":9,"ty":4,"nm":"m2 Outlines","sr":1,"ks":{"o":{"a":1,"k":[{"i":{"x":[0.833],"y":[0.833]},"o":{"x":[0.167],"y":[0.167]},"t":75,"s":[0]},{"i":{"x":[0.833],"y":[0.833]},"o":{"x":[0.167],"y":[0.167]},"t":80,"s":[100]},{"i":{"x":[0.833],"y":[0.833]},"o":{"x":[0.167],"y":[0.167]},"t":193,"s":[100]},{"t":197.000008023974,"s":[0]}],"ix":11},"r":{"a":0,"k":0,"ix":10},"p":{"a":0,"k":[267.892,214.765,0],"ix":2},"a":{"a":0,"k":[20.879,8.247,0],"ix":1},"s":{"a":0,"k":[100,100,100],"ix":6}},"ao":0,"shapes":[{"ty":"gr","it":[{"ind":0,"ty":"sh","ix":1,"ks":{"a":0,"k":{"i":[[0,0],[-11.509,-6.115]],"o":[[16.64,-11.084],[0,0]],"v":[[-18.174,5.542],[18.174,5.542]],"c":false},"ix":2},"nm":"Path 1","mn":"ADBE Vector Shape - Group","hd":false},{"ty":"st","c":{"a":0,"k":[0.102000000898,0.102000000898,0.102000000898,1],"ix":3},"o":{"a":0,"k":100,"ix":4},"w":{"a":0,"k":1.082,"ix":5},"lc":2,"lj":2,"bm":0,"nm":"Stroke 1","mn":"ADBE Vector Graphic - Stroke","hd":false},{"ty":"tr","p":{"a":0,"k":[20.879,8.247],"ix":2},"a":{"a":0,"k":[0,0],"ix":1},"s":{"a":0,"k":[100,100],"ix":3},"r":{"a":0,"k":0,"ix":6},"o":{"a":0,"k":100,"ix":7},"sk":{"a":0,"k":0,"ix":4},"sa":{"a":0,"k":0,"ix":5},"nm":"Transform"}],"nm":"Group 1","np":2,"cix":2,"bm":0,"ix":1,"mn":"ADBE Vector Group","hd":false}],"ip":0,"op":300.00001221925,"st":0,"bm":0},{"ddd":0,"ind":11,"ty":4,"nm":"s1 Outlines","sr":1,"ks":{"o":{"a":1,"k":[{"i":{"x":[0.833],"y":[0.833]},"o":{"x":[0.167],"y":[0.167]},"t":143,"s":[0]},{"t":148.000006028164,"s":[100]}],"ix":11},"r":{"a":0,"k":0,"ix":10},"p":{"a":0,"k":[267.892,337.396,0],"ix":2},"a":{"a":0,"k":[144.024,52.656,0],"ix":1},"s":{"a":0,"k":[100,100,100],"ix":6}},"ao":0,"shapes":[{"ty":"gr","it":[{"ind":0,"ty":"sh","ix":1,"ks":{"a":0,"k":{"i":[[0,0],[-21.262,24.902],[-12.145,4.553],[-21.067,-4.09],[-5.485,1.15],[-6.112,4.33],[-24.548,-25.287],[-1.484,-9.867]],"o":[[2.739,-12.646],[21.902,-25.652],[5.456,5.9],[13.868,2.693],[14.982,-3.14],[9.788,1.717],[24.285,25.018],[0,0]],"v":[[-143.774,52.406],[-112.423,-10.901],[-53.189,-52.406],[-13.147,-29.522],[17.512,-30.235],[49.466,-44.224],[112.424,-10.901],[143.774,52.406]],"c":true},"ix":2},"nm":"Path 1","mn":"ADBE Vector Shape - Group","hd":false},{"ty":"fl","c":{"a":0,"k":[0.630999995213,0.74900004069,0.216000007181,1],"ix":4},"o":{"a":0,"k":100,"ix":5},"r":1,"bm":0,"nm":"Fill 1","mn":"ADBE Vector Graphic - Fill","hd":false},{"ty":"tr","p":{"a":0,"k":[144.024,52.656],"ix":2},"a":{"a":0,"k":[0,0],"ix":1},"s":{"a":0,"k":[100,100],"ix":3},"r":{"a":0,"k":0,"ix":6},"o":{"a":0,"k":100,"ix":7},"sk":{"a":0,"k":0,"ix":4},"sa":{"a":0,"k":0,"ix":5},"nm":"Transform"}],"nm":"Group 1","np":2,"cix":2,"bm":0,"ix":1,"mn":"ADBE Vector Group","hd":false}],"ip":0,"op":300.00001221925,"st":0,"bm":0},{"ddd":0,"ind":13,"ty":4,"nm":"s2 Outlines","sr":1,"ks":{"o":{"a":1,"k":[{"i":{"x":[0.833],"y":[0.833]},"o":{"x":[0.167],"y":[0.167]},"t":52,"s":[0]},{"i":{"x":[0.833],"y":[0.833]},"o":{"x":[0.167],"y":[0.167]},"t":57,"s":[100]},{"i":{"x":[0.833],"y":[0.833]},"o":{"x":[0.167],"y":[0.167]},"t":145,"s":[100]},{"t":150.000006109625,"s":[0]}],"ix":11},"r":{"a":0,"k":0,"ix":10},"p":{"a":0,"k":[267.892,345.863,0],"ix":2},"a":{"a":0,"k":[144.024,44.189,0],"ix":1},"s":{"a":0,"k":[100,100,100],"ix":6}},"ao":0,"shapes":[{"ty":"gr","it":[{"ind":0,"ty":"sh","ix":1,"ks":{"a":0,"k":{"i":[[0,0],[0,0],[-24.511,-1.934],[0,-54.225]],"o":[[0,-54.225],[27.668,24.235],[0,0],[0,0]],"v":[[-143.774,43.939],[-81.073,-42.005],[81.074,-42.005],[143.774,43.939]],"c":true},"ix":2},"nm":"Path 1","mn":"ADBE Vector Shape - Group","hd":false},{"ty":"fl","c":{"a":0,"k":[0.757000014361,0.054999998504,0.102000000898,1],"ix":4},"o":{"a":0,"k":100,"ix":5},"r":1,"bm":0,"nm":"Fill 1","mn":"ADBE Vector Graphic - Fill","hd":false},{"ty":"tr","p":{"a":0,"k":[144.024,44.189],"ix":2},"a":{"a":0,"k":[0,0],"ix":1},"s":{"a":0,"k":[100,100],"ix":3},"r":{"a":0,"k":0,"ix":6},"o":{"a":0,"k":100,"ix":7},"sk":{"a":0,"k":0,"ix":4},"sa":{"a":0,"k":0,"ix":5},"nm":"Transform"}],"nm":"Group 1","np":2,"cix":2,"bm":0,"ix":1,"mn":"ADBE Vector Group","hd":false}],"ip":0,"op":300.00001221925,"st":0,"bm":0},{"ddd":0,"ind":15,"ty":4,"nm":"b Outlines","sr":1,"ks":{"o":{"a":1,"k":[{"i":{"x":[0.833],"y":[0.833]},"o":{"x":[0.167],"y":[0.167]},"t":0,"s":[100]},{"i":{"x":[0.833],"y":[0.833]},"o":{"x":[0.167],"y":[0.167]},"t":52,"s":[100]},{"t":57.0000023216576,"s":[0]}],"ix":11},"r":{"a":0,"k":0,"ix":10},"p":{"a":0,"k":[266.665,337.847,0],"ix":2},"a":{"a":0,"k":[144.024,53.161,0],"ix":1},"s":{"a":0,"k":[100,100,100],"ix":6}},"ao":0,"shapes":[{"ty":"gr","it":[{"ind":0,"ty":"sh","ix":1,"ks":{"a":0,"k":{"i":[[0,0],[-21.838,24.622],[-11.962,2.57],[-19.796,-0.502],[-4.725,3.21],[-28.376,-31.278],[-2.263,-11.979]],"o":[[2.484,-12.417],[27.535,-31.047],[4.591,3.435],[20.003,0.509],[11.314,1.95],[22.338,24.622],[0,0]],"v":[[-143.774,52.911],[-112.423,-10.395],[-39.168,-52.911],[-1.188,-39.733],[37.694,-51.154],[112.424,-10.395],[143.774,52.911]],"c":true},"ix":2},"nm":"Path 1","mn":"ADBE Vector Shape - Group","hd":false},{"ty":"fl","c":{"a":0,"k":[0.13300000359,0.13300000359,0.128999986836,1],"ix":4},"o":{"a":0,"k":100,"ix":5},"r":1,"bm":0,"nm":"Fill 1","mn":"ADBE Vector Graphic - Fill","hd":false},{"ty":"tr","p":{"a":0,"k":[144.024,53.161],"ix":2},"a":{"a":0,"k":[0,0],"ix":1},"s":{"a":0,"k":[100,100],"ix":3},"r":{"a":0,"k":0,"ix":6},"o":{"a":0,"k":100,"ix":7},"sk":{"a":0,"k":0,"ix":4},"sa":{"a":0,"k":0,"ix":5},"nm":"Transform"}],"nm":"Group 1","np":2,"cix":2,"bm":0,"ix":1,"mn":"ADBE Vector Group","hd":false}],"ip":0,"op":300.00001221925,"st":0,"bm":0},{"ddd":0,"ind":17,"ty":4,"nm":"bh Outlines","sr":1,"ks":{"o":{"a":1,"k":[{"i":{"x":[0.833],"y":[0.833]},"o":{"x":[0.167],"y":[0.167]},"t":82,"s":[0]},{"i":{"x":[0.833],"y":[0.833]},"o":{"x":[0.167],"y":[0.167]},"t":88,"s":[100]},{"i":{"x":[0.833],"y":[0.833]},"o":{"x":[0.167],"y":[0.167]},"t":114,"s":[100]},{"t":121.000004928431,"s":[0]}],"ix":11},"r":{"a":0,"k":0,"ix":10},"p":{"a":1,"k":[{"i":{"x":0.833,"y":0.833},"o":{"x":0.167,"y":0.167},"t":82,"s":[276.963,324.133,0],"to":[-0.083,-11.375,0],"ti":[0,11.376,0]},{"i":{"x":0.833,"y":0.833},"o":{"x":0.167,"y":0.167},"t":85,"s":[276.463,255.883,0],"to":[0,-0.125,0],"ti":[-0.083,-0.25,0]},{"i":{"x":0.833,"y":0.833},"o":{"x":0.167,"y":0.167},"t":117,"s":[276.213,255.883,0],"to":[0.097,0.292,0],"ti":[-0.125,-11.375,0]},{"t":121.000004928431,"s":[276.963,324.133,0]}],"ix":2},"a":{"a":0,"k":[151.202,72.183,0],"ix":1},"s":{"a":0,"k":[100,100,100],"ix":6}},"ao":0,"shapes":[{"ty":"gr","it":[{"ind":0,"ty":"sh","ix":1,"ks":{"a":0,"k":{"i":[[0.483,-0.1],[0.836,-0.027],[-0.389,0.758],[0.582,1.107],[1.68,1.481],[1.716,-0.841],[0.028,-2.065],[-2.252,-2.835],[-1.74,-1.337],[-0.174,0.198],[-0.512,0.941],[-0.796,1.531]],"o":[[-0.829,0.171],[0.349,-0.774],[0.553,-1.078],[-1.01,-1.924],[-1.36,-1.198],[-2.078,1.018],[0.067,3.505],[1.356,1.706],[0.15,0.115],[0.711,-0.81],[0.825,-1.517],[0.246,-0.473]],"v":[[5.509,1.627],[3.019,1.922],[4.13,-0.373],[4.601,-3.054],[0.695,-8.444],[-4.163,-9.499],[-6.78,-4.132],[-3.213,5.615],[1.613,10.01],[2.342,10.142],[4.103,7.292],[6.534,2.72]],"c":true},"ix":2},"nm":"Path 1","mn":"ADBE Vector Shape - Group","hd":false},{"ty":"fl","c":{"a":0,"k":[0,0,0,1],"ix":4},"o":{"a":0,"k":100,"ix":5},"r":1,"bm":0,"nm":"Fill 1","mn":"ADBE Vector Graphic - Fill","hd":false},{"ty":"tr","p":{"a":0,"k":[280.275,56.706],"ix":2},"a":{"a":0,"k":[0,0],"ix":1},"s":{"a":0,"k":[100,100],"ix":3},"r":{"a":0,"k":0,"ix":6},"o":{"a":0,"k":100,"ix":7},"sk":{"a":0,"k":0,"ix":4},"sa":{"a":0,"k":0,"ix":5},"nm":"Transform"}],"nm":"Group 1","np":2,"cix":2,"bm":0,"ix":1,"mn":"ADBE Vector Group","hd":false},{"ty":"gr","it":[{"ind":0,"ty":"sh","ix":1,"ks":{"a":0,"k":{"i":[[2.519,0.323],[1.565,-3.879],[-0.462,-0.069],[-0.909,0.109],[0.371,-0.636],[0.626,-1.48],[-0.473,0.035],[-1.51,0.861],[-1.57,1.589],[0.672,3.201]],"o":[[-5.762,-0.74],[-0.196,0.483],[0.853,0.129],[-0.368,0.84],[-0.812,1.389],[-0.174,0.411],[1.793,-0.133],[1.978,-1.127],[2.114,-2.198],[-0.476,-2.268]],"v":[[2.399,-9.204],[-7.589,1.266],[-6.701,2.372],[-4.004,2.243],[-5.39,4.59],[-7.693,8.803],[-6.804,9.908],[-1.62,7.956],[3.635,3.764],[7.195,-4.434]],"c":true},"ix":2},"nm":"Path 1","mn":"ADBE Vector Shape - Group","hd":false},{"ty":"fl","c":{"a":0,"k":[0,0,0,1],"ix":4},"o":{"a":0,"k":100,"ix":5},"r":1,"bm":0,"nm":"Fill 1","mn":"ADBE Vector Graphic - Fill","hd":false},{"ty":"tr","p":{"a":0,"k":[294.287,53.728],"ix":2},"a":{"a":0,"k":[0,0],"ix":1},"s":{"a":0,"k":[100,100],"ix":3},"r":{"a":0,"k":0,"ix":6},"o":{"a":0,"k":100,"ix":7},"sk":{"a":0,"k":0,"ix":4},"sa":{"a":0,"k":0,"ix":5},"nm":"Transform"}],"nm":"Group 2","np":2,"cix":2,"bm":0,"ix":2,"mn":"ADBE Vector Group","hd":false},{"ty":"gr","it":[{"ind":0,"ty":"sh","ix":1,"ks":{"a":0,"k":{"i":[[0.447,-0.209],[0.806,-0.219],[-0.203,0.826],[0.821,0.943],[1.978,1.053],[1.476,-1.214],[-0.449,-2.016],[-2.845,-2.239],[-2.002,-0.9],[-0.123,0.232],[-0.28,1.034],[-0.423,1.673]],"o":[[-0.767,0.358],[0.161,-0.834],[0.289,-1.178],[-1.427,-1.639],[-1.599,-0.852],[-1.787,1.47],[0.874,3.395],[1.712,1.347],[0.172,0.077],[0.505,-0.954],[0.453,-1.667],[0.13,-0.517]],"v":[[6.192,0.279],[3.838,1.142],[4.389,-1.348],[4.229,-4.065],[-0.816,-8.409],[-5.786,-8.315],[-7.093,-2.488],[-1.373,6.172],[4.337,9.335],[5.076,9.297],[6.131,6.116],[7.443,1.107]],"c":true},"ix":2},"nm":"Path 1","mn":"ADBE Vector Shape - Group","hd":false},{"ty":"fl","c":{"a":0,"k":[0,0,0,1],"ix":4},"o":{"a":0,"k":100,"ix":5},"r":1,"bm":0,"nm":"Fill 1","mn":"ADBE Vector Graphic - Fill","hd":false},{"ty":"tr","p":{"a":0,"k":[227.857,62.587],"ix":2},"a":{"a":0,"k":[0,0],"ix":1},"s":{"a":0,"k":[100,100],"ix":3},"r":{"a":0,"k":0,"ix":6},"o":{"a":0,"k":100,"ix":7},"sk":{"a":0,"k":0,"ix":4},"sa":{"a":0,"k":0,"ix":5},"nm":"Transform"}],"nm":"Group 3","np":2,"cix":2,"bm":0,"ix":3,"mn":"ADBE Vector Group","hd":false},{"ty":"gr","it":[{"ind":0,"ty":"sh","ix":1,"ks":{"a":0,"k":{"i":[[2.524,-0.267],[0.629,-4.136],[-0.465,0.039],[-0.858,0.315],[0.214,-0.705],[0.268,-1.584],[-0.451,0.143],[-1.272,1.187],[-1.161,1.908],[1.392,2.959]],"o":[[-5.778,0.61],[-0.078,0.515],[0.86,-0.072],[-0.164,0.902],[-0.469,1.537],[-0.074,0.44],[1.714,-0.543],[1.664,-1.552],[1.55,-2.626],[-0.987,-2.097]],"v":[[0.112,-10.298],[-7.193,2.194],[-6.073,3.065],[-3.479,2.317],[-4.285,4.921],[-5.553,9.551],[-4.434,10.422],[0.16,7.325],[4.305,2.034],[5.879,-6.764]],"c":true},"ix":2},"nm":"Path 1","mn":"ADBE Vector Shape - Group","hd":false},{"ty":"fl","c":{"a":0,"k":[0,0,0,1],"ix":4},"o":{"a":0,"k":100,"ix":5},"r":1,"bm":0,"nm":"Fill 1","mn":"ADBE Vector Graphic - Fill","hd":false},{"ty":"tr","p":{"a":0,"k":[241.361,57.213],"ix":2},"a":{"a":0,"k":[0,0],"ix":1},"s":{"a":0,"k":[100,100],"ix":3},"r":{"a":0,"k":0,"ix":6},"o":{"a":0,"k":100,"ix":7},"sk":{"a":0,"k":0,"ix":4},"sa":{"a":0,"k":0,"ix":5},"nm":"Transform"}],"nm":"Group 4","np":2,"cix":2,"bm":0,"ix":4,"mn":"ADBE Vector Group","hd":false},{"ty":"gr","it":[{"ind":0,"ty":"sh","ix":1,"ks":{"a":0,"k":{"i":[[0.447,-0.209],[0.808,-0.219],[-0.203,0.826],[0.821,0.943],[1.977,1.053],[1.476,-1.214],[-0.449,-2.016],[-2.846,-2.239],[-2.002,-0.9],[-0.123,0.233],[-0.28,1.034],[-0.421,1.673]],"o":[[-0.767,0.358],[0.162,-0.834],[0.289,-1.178],[-1.427,-1.639],[-1.599,-0.852],[-1.787,1.47],[0.875,3.395],[1.712,1.347],[0.172,0.077],[0.506,-0.954],[0.453,-1.667],[0.131,-0.517]],"v":[[6.192,0.279],[3.837,1.141],[4.389,-1.348],[4.229,-4.066],[-0.816,-8.409],[-5.786,-8.315],[-7.094,-2.489],[-1.373,6.172],[4.337,9.335],[5.075,9.296],[6.131,6.116],[7.442,1.106]],"c":true},"ix":2},"nm":"Path 1","mn":"ADBE Vector Shape - Group","hd":false},{"ty":"fl","c":{"a":0,"k":[0,0,0,1],"ix":4},"o":{"a":0,"k":100,"ix":5},"r":1,"bm":0,"nm":"Fill 1","mn":"ADBE Vector Graphic - Fill","hd":false},{"ty":"tr","p":{"a":0,"k":[36.326,16.19],"ix":2},"a":{"a":0,"k":[0,0],"ix":1},"s":{"a":0,"k":[100,100],"ix":3},"r":{"a":0,"k":0,"ix":6},"o":{"a":0,"k":100,"ix":7},"sk":{"a":0,"k":0,"ix":4},"sa":{"a":0,"k":0,"ix":5},"nm":"Transform"}],"nm":"Group 5","np":2,"cix":2,"bm":0,"ix":5,"mn":"ADBE Vector Group","hd":false},{"ty":"gr","it":[{"ind":0,"ty":"sh","ix":1,"ks":{"a":0,"k":{"i":[[2.524,-0.267],[0.629,-4.136],[-0.466,0.039],[-0.859,0.315],[0.214,-0.705],[0.268,-1.585],[-0.452,0.143],[-1.272,1.187],[-1.162,1.908],[1.392,2.959]],"o":[[-5.778,0.61],[-0.079,0.515],[0.859,-0.072],[-0.164,0.902],[-0.469,1.537],[-0.074,0.439],[1.713,-0.543],[1.664,-1.552],[1.55,-2.626],[-0.986,-2.097]],"v":[[0.111,-10.298],[-7.192,2.194],[-6.072,3.065],[-3.478,2.317],[-4.285,4.921],[-5.554,9.552],[-4.433,10.422],[0.16,7.325],[4.307,2.034],[5.879,-6.764]],"c":true},"ix":2},"nm":"Path 1","mn":"ADBE Vector Shape - Group","hd":false},{"ty":"fl","c":{"a":0,"k":[0,0,0,1],"ix":4},"o":{"a":0,"k":100,"ix":5},"r":1,"bm":0,"nm":"Fill 1","mn":"ADBE Vector Graphic - Fill","hd":false},{"ty":"tr","p":{"a":0,"k":[49.829,10.815],"ix":2},"a":{"a":0,"k":[0,0],"ix":1},"s":{"a":0,"k":[100,100],"ix":3},"r":{"a":0,"k":0,"ix":6},"o":{"a":0,"k":100,"ix":7},"sk":{"a":0,"k":0,"ix":4},"sa":{"a":0,"k":0,"ix":5},"nm":"Transform"}],"nm":"Group 6","np":2,"cix":2,"bm":0,"ix":6,"mn":"ADBE Vector Group","hd":false},{"ty":"gr","it":[{"ind":0,"ty":"sh","ix":1,"ks":{"a":0,"k":{"i":[[0.338,-0.36],[0.668,-0.503],[0.118,0.843],[1.113,0.572],[2.226,0.244],[0.92,-1.675],[-1.166,-1.705],[-3.473,-1.023],[-2.193,-0.093],[-0.028,0.262],[0.123,1.064],[0.229,1.71]],"o":[[-0.579,0.617],[-0.159,-0.834],[-0.168,-1.2],[-1.933,-0.992],[-1.802,-0.198],[-1.113,2.029],[2.072,2.828],[2.09,0.617],[0.189,0.008],[0.115,-1.072],[-0.198,-1.716],[-0.071,-0.529]],"v":[[6.501,-1.721],[4.633,-0.047],[4.222,-2.563],[3.064,-5.027],[-3.23,-7.188],[-7.812,-5.257],[-6.864,0.639],[1.661,6.559],[8.137,7.378],[8.809,7.066],[8.609,3.723],[7.968,-1.417]],"c":true},"ix":2},"nm":"Path 1","mn":"ADBE Vector Shape - Group","hd":false},{"ty":"fl","c":{"a":0,"k":[0,0,0,1],"ix":4},"o":{"a":0,"k":100,"ix":5},"r":1,"bm":0,"nm":"Fill 1","mn":"ADBE Vector Graphic - Fill","hd":false},{"ty":"tr","p":{"a":0,"k":[9.174,62.268],"ix":2},"a":{"a":0,"k":[0,0],"ix":1},"s":{"a":0,"k":[100,100],"ix":3},"r":{"a":0,"k":0,"ix":6},"o":{"a":0,"k":100,"ix":7},"sk":{"a":0,"k":0,"ix":4},"sa":{"a":0,"k":0,"ix":5},"nm":"Transform"}],"nm":"Group 7","np":2,"cix":2,"bm":0,"ix":7,"mn":"ADBE Vector Group","hd":false},{"ty":"gr","it":[{"ind":0,"ty":"sh","ix":1,"ks":{"a":0,"k":{"i":[[2.246,-1.184],[-0.951,-4.074],[-0.418,0.209],[-0.68,0.612],[-0.062,-0.734],[-0.34,-1.571],[-0.366,0.301],[-0.74,1.573],[-0.371,2.203],[2.391,2.231]],"o":[[-5.139,2.71],[0.118,0.507],[0.771,-0.385],[0.183,0.899],[0.135,1.602],[0.094,0.436],[1.39,-1.14],[0.97,-2.059],[0.464,-3.014],[-1.694,-1.581]],"v":[[-1.96,-10.022],[-4.106,4.288],[-2.743,4.681],[-0.612,3.024],[-0.395,5.741],[0.146,10.512],[1.51,10.905],[4.626,6.325],[6.513,-0.127],[4.708,-8.88]],"c":true},"ix":2},"nm":"Path 1","mn":"ADBE Vector Shape - Group","hd":false},{"ty":"fl","c":{"a":0,"k":[0,0,0,1],"ix":4},"o":{"a":0,"k":100,"ix":5},"r":1,"bm":0,"nm":"Fill 1","mn":"ADBE Vector Graphic - Fill","hd":false},{"ty":"tr","p":{"a":0,"k":[18.607,53.002],"ix":2},"a":{"a":0,"k":[0,0],"ix":1},"s":{"a":0,"k":[100,100],"ix":3},"r":{"a":0,"k":0,"ix":6},"o":{"a":0,"k":100,"ix":7},"sk":{"a":0,"k":0,"ix":4},"sa":{"a":0,"k":0,"ix":5},"nm":"Transform"}],"nm":"Group 8","np":2,"cix":2,"bm":0,"ix":8,"mn":"ADBE Vector Group","hd":false},{"ty":"gr","it":[{"ind":0,"ty":"sh","ix":1,"ks":{"a":0,"k":{"i":[[0.491,-0.058],[0.835,0.046],[-0.453,0.721],[0.482,1.154],[1.544,1.622],[1.783,-0.688],[0.208,-2.055],[-1.995,-3.022],[-1.616,-1.485],[-0.191,0.182],[-0.591,0.892],[-0.928,1.455]],"o":[[-0.84,0.098],[0.416,-0.741],[0.645,-1.026],[-0.838,-2.005],[-1.25,-1.313],[-2.159,0.832],[-0.24,3.498],[1.201,1.818],[0.139,0.127],[0.779,-0.746],[0.955,-1.44],[0.286,-0.449]],"v":[[5.382,2.114],[2.876,2.191],[4.184,0.002],[4.888,-2.628],[1.468,-8.338],[-3.279,-9.814],[-6.355,-4.697],[-3.654,5.325],[0.769,10.126],[1.483,10.321],[3.486,7.636],[6.309,3.292]],"c":true},"ix":2},"nm":"Path 1","mn":"ADBE Vector Shape - Group","hd":false},{"ty":"fl","c":{"a":0,"k":[0,0,0,1],"ix":4},"o":{"a":0,"k":100,"ix":5},"r":1,"bm":0,"nm":"Fill 1","mn":"ADBE Vector Graphic - Fill","hd":false},{"ty":"tr","p":{"a":0,"k":[251.17,15.238],"ix":2},"a":{"a":0,"k":[0,0],"ix":1},"s":{"a":0,"k":[100,100],"ix":3},"r":{"a":0,"k":0,"ix":6},"o":{"a":0,"k":100,"ix":7},"sk":{"a":0,"k":0,"ix":4},"sa":{"a":0,"k":0,"ix":5},"nm":"Transform"}],"nm":"Group 9","np":2,"cix":2,"bm":0,"ix":9,"mn":"ADBE Vector Group","hd":false},{"ty":"gr","it":[{"ind":0,"ty":"sh","ix":1,"ks":{"a":0,"k":{"i":[[2.479,0.542],[1.899,-3.727],[-0.454,-0.109],[-0.914,0.029],[0.426,-0.601],[0.752,-1.42],[-0.473,-0.006],[-1.581,0.725],[-1.703,1.445],[0.39,3.248]],"o":[[-5.676,-1.241],[-0.237,0.464],[0.837,0.203],[-0.44,0.805],[-0.93,1.312],[-0.209,0.394],[1.798,0.025],[2.068,-0.95],[2.298,-2.005],[-0.276,-2.3]],"v":[[3.544,-8.509],[-7.323,1.047],[-6.534,2.226],[-3.836,2.333],[-5.422,4.55],[-8.085,8.546],[-7.297,9.725],[-1.961,8.233],[3.641,4.517],[7.904,-3.339]],"c":true},"ix":2},"nm":"Path 1","mn":"ADBE Vector Shape - Group","hd":false},{"ty":"fl","c":{"a":0,"k":[0,0,0,1],"ix":4},"o":{"a":0,"k":100,"ix":5},"r":1,"bm":0,"nm":"Fill 1","mn":"ADBE Vector Graphic - Fill","hd":false},{"ty":"tr","p":{"a":0,"k":[265.078,13.06],"ix":2},"a":{"a":0,"k":[0,0],"ix":1},"s":{"a":0,"k":[100,100],"ix":3},"r":{"a":0,"k":0,"ix":6},"o":{"a":0,"k":100,"ix":7},"sk":{"a":0,"k":0,"ix":4},"sa":{"a":0,"k":0,"ix":5},"nm":"Transform"}],"nm":"Group 10","np":2,"cix":2,"bm":0,"ix":10,"mn":"ADBE Vector Group","hd":false}],"ip":0,"op":300.00001221925,"st":0,"bm":0},{"ddd":0,"ind":19,"ty":4,"nm":"h Outlines","sr":1,"ks":{"o":{"a":1,"k":[{"i":{"x":[0.833],"y":[0.833]},"o":{"x":[0.167],"y":[0.167]},"t":200,"s":[0]},{"i":{"x":[0.833],"y":[0.833]},"o":{"x":[0.167],"y":[0.167]},"t":208,"s":[100]},{"i":{"x":[0.833],"y":[0.833]},"o":{"x":[0.167],"y":[0.167]},"t":238,"s":[100]},{"t":246.000010019785,"s":[0]}],"ix":11},"r":{"a":0,"k":0,"ix":10},"p":{"a":1,"k":[{"i":{"x":0.833,"y":0.833},"o":{"x":0.167,"y":0.167},"t":200,"s":[272.276,360.691,0],"to":[0.333,-13.167,0],"ti":[-0.333,13.167,0]},{"i":{"x":0.833,"y":0.833},"o":{"x":0.167,"y":0.167},"t":204,"s":[274.276,281.691,0],"to":[0,0,0],"ti":[0,0,0]},{"i":{"x":0.833,"y":0.833},"o":{"x":0.167,"y":0.167},"t":242,"s":[274.276,281.691,0],"to":[-0.333,13.167,0],"ti":[0.333,-13.167,0]},{"t":246.000010019785,"s":[272.276,360.691,0]}],"ix":2},"a":{"a":0,"k":[123.376,91.23,0],"ix":1},"s":{"a":0,"k":[100,100,100],"ix":6}},"ao":0,"shapes":[{"ty":"gr","it":[{"ind":0,"ty":"sh","ix":1,"ks":{"a":0,"k":{"i":[[-0.271,0.042],[-0.491,0.103],[-1.042,0.343],[-1.851,1.153],[-0.766,3.052],[2.559,0.772],[2.803,-1.46],[1.358,3.001],[2.616,-2.763],[-2.606,-6.833],[-0.826,-1.01],[-0.391,-0.029]],"o":[[0.607,-0.095],[1.079,-0.227],[2.088,-0.686],[2.481,-1.545],[0.625,-2.492],[-2.925,-0.883],[0.551,-3.352],[-1.624,-3.592],[-5.473,5.78],[0.456,1.196],[0.252,0.31],[0.223,0.016]],"v":[[-4.648,14.662],[-2.878,14.264],[0.308,13.41],[6.245,10.647],[13.01,3.708],[9.541,-2.306],[0.352,-0.139],[-0.168,-10.262],[-8.162,-11.964],[-8.142,10.564],[-6.377,14.083],[-5.398,14.71]],"c":true},"ix":2},"nm":"Path 1","mn":"ADBE Vector Shape - Group","hd":false},{"ty":"fl","c":{"a":0,"k":[0,0,0,1],"ix":4},"o":{"a":0,"k":100,"ix":5},"r":1,"bm":0,"nm":"Fill 1","mn":"ADBE Vector Graphic - Fill","hd":false},{"ty":"tr","p":{"a":0,"k":[197.041,45.794],"ix":2},"a":{"a":0,"k":[0,0],"ix":1},"s":{"a":0,"k":[100,100],"ix":3},"r":{"a":0,"k":0,"ix":6},"o":{"a":0,"k":100,"ix":7},"sk":{"a":0,"k":0,"ix":4},"sa":{"a":0,"k":0,"ix":5},"nm":"Transform"}],"nm":"Group 1","np":2,"cix":2,"bm":0,"ix":1,"mn":"ADBE Vector Group","hd":false},{"ty":"gr","it":[{"ind":0,"ty":"sh","ix":1,"ks":{"a":0,"k":{"i":[[-0.21,0.121],[-0.373,0.24],[-0.756,0.614],[-1.169,1.539],[0.329,2.77],[2.364,-0.168],[1.861,-2.094],[2.071,2.057],[1.294,-3.115],[-4.318,-4.839],[-1.004,-0.577],[-0.332,0.1]],"o":[[0.474,-0.271],[0.823,-0.529],[1.513,-1.228],[1.568,-2.064],[-0.27,-2.263],[-2.704,0.193],[-0.603,-2.95],[-2.481,-2.463],[-2.709,6.518],[0.754,0.846],[0.307,0.177],[0.19,-0.056]],"v":[[1.265,12.076],[2.605,11.188],[4.976,9.473],[9.022,5.309],[12.436,-2.576],[7.662,-6.465],[0.733,-1.768],[-2.895,-9.989],[-10.056,-8.874],[-2.924,9.785],[-0.35,12.144],[0.659,12.352]],"c":true},"ix":2},"nm":"Path 1","mn":"ADBE Vector Shape - Group","hd":false},{"ty":"fl","c":{"a":0,"k":[0,0,0,1],"ix":4},"o":{"a":0,"k":100,"ix":5},"r":1,"bm":0,"nm":"Fill 1","mn":"ADBE Vector Graphic - Fill","hd":false},{"ty":"tr","p":{"a":0,"k":[226.684,12.702],"ix":2},"a":{"a":0,"k":[0,0],"ix":1},"s":{"a":0,"k":[100,100],"ix":3},"r":{"a":0,"k":0,"ix":6},"o":{"a":0,"k":100,"ix":7},"sk":{"a":0,"k":0,"ix":4},"sa":{"a":0,"k":0,"ix":5},"nm":"Transform"}],"nm":"Group 2","np":2,"cix":2,"bm":0,"ix":2,"mn":"ADBE Vector Group","hd":false},{"ty":"gr","it":[{"ind":0,"ty":"sh","ix":1,"ks":{"a":0,"k":{"i":[[-0.22,0.095],[-0.394,0.193],[-0.811,0.516],[-1.321,1.376],[0.008,2.754],[2.336,0.103],[2.063,-1.843],[1.798,2.254],[1.623,-2.907],[-3.683,-5.235],[-0.918,-0.681],[-0.337,0.06]],"o":[[0.495,-0.212],[0.866,-0.426],[1.622,-1.032],[1.772,-1.846],[-0.007,-2.249],[-2.673,-0.118],[-0.255,-2.962],[-2.153,-2.697],[-3.397,6.084],[0.645,0.916],[0.282,0.208],[0.193,-0.034]],"v":[[-0.255,12.272],[1.161,11.553],[3.68,10.141],[8.12,6.52],[12.364,-0.826],[8.126,-5.181],[0.796,-1.362],[-1.825,-9.838],[-8.975,-9.558],[-4.102,9.548],[-1.847,12.156],[-0.881,12.475]],"c":true},"ix":2},"nm":"Path 1","mn":"ADBE Vector Shape - Group","hd":false},{"ty":"fl","c":{"a":0,"k":[0,0,0,1],"ix":4},"o":{"a":0,"k":100,"ix":5},"r":1,"bm":0,"nm":"Fill 1","mn":"ADBE Vector Graphic - Fill","hd":false},{"ty":"tr","p":{"a":0,"k":[230.13,67.674],"ix":2},"a":{"a":0,"k":[0,0],"ix":1},"s":{"a":0,"k":[100,100],"ix":3},"r":{"a":0,"k":0,"ix":6},"o":{"a":0,"k":100,"ix":7},"sk":{"a":0,"k":0,"ix":4},"sa":{"a":0,"k":0,"ix":5},"nm":"Transform"}],"nm":"Group 3","np":2,"cix":2,"bm":0,"ix":3,"mn":"ADBE Vector Group","hd":false},{"ty":"gr","it":[{"ind":0,"ty":"sh","ix":1,"ks":{"a":0,"k":{"i":[[-0.086,0.216],[-0.137,0.402],[-0.202,0.91],[0.037,1.85],[1.893,1.882],[1.672,-1.53],[0.151,-2.678],[2.777,0.311],[-0.88,-3.105],[-6.114,-1.065],[-1.095,0.163],[-0.189,0.273]],"o":[[0.194,-0.484],[0.303,-0.886],[0.405,-1.82],[-0.05,-2.479],[-1.546,-1.537],[-1.913,1.751],[-2.206,-1.856],[-3.323,-0.374],[1.841,6.499],[1.069,0.185],[0.336,-0.05],[0.109,-0.155]],"v":[[9.993,9.032],[10.47,7.569],[11.229,4.874],[11.79,-0.653],[9.664,-8.596],[3.774,-8.676],[1.368,-1.034],[-6.24,-5.046],[-10.948,0.045],[5.489,9.803],[8.821,10.043],[9.702,9.599]],"c":true},"ix":2},"nm":"Path 1","mn":"ADBE Vector Shape - Group","hd":false},{"ty":"fl","c":{"a":0,"k":[0,0,0,1],"ix":4},"o":{"a":0,"k":100,"ix":5},"r":1,"bm":0,"nm":"Fill 1","mn":"ADBE Vector Graphic - Fill","hd":false},{"ty":"tr","p":{"a":0,"k":[23.549,80.005],"ix":2},"a":{"a":0,"k":[0,0],"ix":1},"s":{"a":0,"k":[100,100],"ix":3},"r":{"a":0,"k":0,"ix":6},"o":{"a":0,"k":100,"ix":7},"sk":{"a":0,"k":0,"ix":4},"sa":{"a":0,"k":0,"ix":5},"nm":"Transform"}],"nm":"Group 4","np":2,"cix":2,"bm":0,"ix":4,"mn":"ADBE Vector Group","hd":false},{"ty":"gr","it":[{"ind":0,"ty":"sh","ix":1,"ks":{"a":0,"k":{"i":[[-0.123,0.307],[-0.196,0.572],[-0.288,1.296],[0.053,2.638],[2.7,2.684],[2.385,-2.183],[0.216,-3.818],[3.96,0.446],[-1.254,-4.429],[-8.718,-1.517],[-1.562,0.233],[-0.271,0.388]],"o":[[0.276,-0.691],[0.432,-1.264],[0.577,-2.595],[-0.072,-3.535],[-2.204,-2.192],[-2.728,2.497],[-3.144,-2.646],[-4.739,-0.532],[2.626,9.267],[1.526,0.265],[0.479,-0.071],[0.156,-0.222]],"v":[[14.25,12.881],[14.93,10.795],[16.013,6.952],[16.813,-0.93],[13.781,-12.257],[5.381,-12.371],[1.95,-1.474],[-8.898,-7.196],[-15.612,0.066],[7.826,13.979],[12.579,14.321],[13.835,13.69]],"c":true},"ix":2},"nm":"Path 1","mn":"ADBE Vector Shape - Group","hd":false},{"ty":"fl","c":{"a":0,"k":[0,0,0,1],"ix":4},"o":{"a":0,"k":100,"ix":5},"r":1,"bm":0,"nm":"Fill 1","mn":"ADBE Vector Graphic - Fill","hd":false},{"ty":"tr","p":{"a":0,"k":[17.116,33.045],"ix":2},"a":{"a":0,"k":[0,0],"ix":1},"s":{"a":0,"k":[100,100],"ix":3},"r":{"a":0,"k":0,"ix":6},"o":{"a":0,"k":100,"ix":7},"sk":{"a":0,"k":0,"ix":4},"sa":{"a":0,"k":0,"ix":5},"nm":"Transform"}],"nm":"Group 5","np":2,"cix":2,"bm":0,"ix":5,"mn":"ADBE Vector Group","hd":false}],"ip":0,"op":300.00001221925,"st":0,"bm":0},{"ddd":0,"ind":21,"ty":4,"nm":"OBJECTS Outlines","sr":1,"ks":{"o":{"a":0,"k":100,"ix":11},"r":{"a":0,"k":0,"ix":10},"p":{"a":0,"k":[267.709,191.43,0],"ix":2},"a":{"a":0,"k":[83.322,119.763,0],"ix":1},"s":{"a":0,"k":[100,100,100],"ix":6}},"ao":0,"shapes":[{"ty":"gr","it":[{"ind":0,"ty":"sh","ix":1,"ks":{"a":0,"k":{"i":[[0,0],[0,0],[-0.237,-0.593],[-2.426,0.646],[0,0]],"o":[[0,0],[0,0.676],[0.932,2.331],[0,0],[0,0]],"v":[[-5.812,-13.541],[-5.812,8.176],[-5.444,10.093],[0.596,12.895],[5.812,11.508]],"c":false},"ix":2},"nm":"Path 1","mn":"ADBE Vector Shape - Group","hd":false},{"ty":"st","c":{"a":0,"k":[0.102000000898,0.102000000898,0.102000000898,1],"ix":3},"o":{"a":0,"k":100,"ix":4},"w":{"a":0,"k":1.082,"ix":5},"lc":2,"lj":2,"bm":0,"nm":"Stroke 1","mn":"ADBE Vector Graphic - Stroke","hd":false},{"ty":"tr","p":{"a":0,"k":[83.505,116.062],"ix":2},"a":{"a":0,"k":[0,0],"ix":1},"s":{"a":0,"k":[100,100],"ix":3},"r":{"a":0,"k":0,"ix":6},"o":{"a":0,"k":100,"ix":7},"sk":{"a":0,"k":0,"ix":4},"sa":{"a":0,"k":0,"ix":5},"nm":"Transform"}],"nm":"Group 1","np":2,"cix":2,"bm":0,"ix":1,"mn":"ADBE Vector Group","hd":false},{"ty":"gr","it":[{"ind":0,"ty":"sh","ix":1,"ks":{"a":0,"k":{"i":[[0,0],[8.927,3.998],[0,0],[21.157,-0.555],[1.862,-0.613],[2.75,-12.174],[0,0],[0,-9.782],[0,0],[-0.104,-2.48],[0,0],[-0.002,0.193],[-0.339,-2.115],[2.415,15.935],[-3.19,4.662],[-0.945,1.034],[-4.414,2.178],[-22.852,-5.119],[8.428,11.912],[-31.627,-2.181],[1.572,10.15],[-2.074,-2.266],[-0.03,-0.032],[1.501,-6.759],[0,0],[-0.002,3.97],[0.015,-0.506]],"o":[[0,-9.782],[0,0],[-4.843,-12.159],[-1.959,0.051],[-5.905,1.946],[0,0],[-8.928,3.998],[0,0],[-0.096,2.629],[0,0],[0,0],[0.102,2.385],[0,0],[-0.846,-5.584],[0.828,-1.209],[4.324,-4.723],[2.981,8.635],[0,0],[7.338,6.985],[0,0],[2.219,1.609],[0.031,0.032],[4.648,5.133],[-4.258,19.167],[0.534,-3.34],[0.068,3.157],[0,0]],"v":[[58.286,-0.107],[43.613,-22.756],[33.265,-28.236],[-2.929,-50.817],[-8.689,-49.782],[-29.356,-30.252],[-43.508,-22.756],[-58.182,-0.107],[-58.182,36.838],[-58.182,44.533],[-58.182,44.903],[-58.18,44.585],[-57.538,51.372],[-47.171,9.788],[-44.01,-6.251],[-41.352,-9.624],[-27.965,-19.705],[6.127,6.338],[-17.322,-15.595],[37.159,2.791],[36.581,-15.765],[43.06,-10.014],[43.151,-9.916],[47.869,9.195],[56.178,51.372],[56.932,40.272],[56.939,46.06]],"c":true},"ix":2},"nm":"Path 1","mn":"ADBE Vector Shape - Group","hd":false},{"ty":"fl","c":{"a":0,"k":[0.102000000898,0.102000000898,0.102000000898,1],"ix":4},"o":{"a":0,"k":100,"ix":5},"r":1,"bm":0,"nm":"Fill 1","mn":"ADBE Vector Graphic - Fill","hd":false},{"ty":"tr","p":{"a":0,"k":[80.952,51.622],"ix":2},"a":{"a":0,"k":[0,0],"ix":1},"s":{"a":0,"k":[100,100],"ix":3},"r":{"a":0,"k":0,"ix":6},"o":{"a":0,"k":100,"ix":7},"sk":{"a":0,"k":0,"ix":4},"sa":{"a":0,"k":0,"ix":5},"nm":"Transform"}],"nm":"Group 2","np":2,"cix":2,"bm":0,"ix":2,"mn":"ADBE Vector Group","hd":false},{"ty":"gr","it":[{"ind":0,"ty":"sh","ix":1,"ks":{"a":0,"k":{"i":[[0,0],[-5.634,-6.855]],"o":[[0,0],[0,0]],"v":[[4.265,-5.709],[1.37,5.709]],"c":false},"ix":2},"nm":"Path 1","mn":"ADBE Vector Shape - Group","hd":false},{"ty":"st","c":{"a":0,"k":[0.102000000898,0.102000000898,0.102000000898,1],"ix":3},"o":{"a":0,"k":100,"ix":4},"w":{"a":0,"k":0.572,"ix":5},"lc":2,"lj":2,"bm":0,"nm":"Stroke 1","mn":"ADBE Vector Graphic - Stroke","hd":false},{"ty":"tr","p":{"a":0,"k":[17.481,118.582],"ix":2},"a":{"a":0,"k":[0,0],"ix":1},"s":{"a":0,"k":[100,100],"ix":3},"r":{"a":0,"k":0,"ix":6},"o":{"a":0,"k":100,"ix":7},"sk":{"a":0,"k":0,"ix":4},"sa":{"a":0,"k":0,"ix":5},"nm":"Transform"}],"nm":"Group 3","np":2,"cix":2,"bm":0,"ix":3,"mn":"ADBE Vector Group","hd":false},{"ty":"gr","it":[{"ind":0,"ty":"sh","ix":1,"ks":{"a":0,"k":{"i":[[0,0],[-5.563,-11.542]],"o":[[0,0],[0,0]],"v":[[-6.701,-3.156],[6.701,5.771]],"c":false},"ix":2},"nm":"Path 1","mn":"ADBE Vector Shape - Group","hd":false},{"ty":"st","c":{"a":0,"k":[0.102000000898,0.102000000898,0.102000000898,1],"ix":3},"o":{"a":0,"k":100,"ix":4},"w":{"a":0,"k":0.572,"ix":5},"lc":2,"lj":2,"bm":0,"nm":"Stroke 1","mn":"ADBE Vector Graphic - Stroke","hd":false},{"ty":"tr","p":{"a":0,"k":[18.85,112.75],"ix":2},"a":{"a":0,"k":[0,0],"ix":1},"s":{"a":0,"k":[100,100],"ix":3},"r":{"a":0,"k":0,"ix":6},"o":{"a":0,"k":100,"ix":7},"sk":{"a":0,"k":0,"ix":4},"sa":{"a":0,"k":0,"ix":5},"nm":"Transform"}],"nm":"Group 4","np":2,"cix":2,"bm":0,"ix":4,"mn":"ADBE Vector Group","hd":false},{"ty":"gr","it":[{"ind":0,"ty":"sh","ix":1,"ks":{"a":0,"k":{"i":[[0,0],[6.956,-4.111],[-4.743,-7.588],[-4.234,5.828]],"o":[[0,0],[-6.956,4.11],[4.743,7.588],[0,0]],"v":[[7.98,-12.688],[-4.838,-17.051],[-4.838,9.824],[11.794,15.334]],"c":false},"ix":2},"nm":"Path 1","mn":"ADBE Vector Shape - Group","hd":false},{"ty":"st","c":{"a":0,"k":[0.102000000898,0.102000000898,0.102000000898,1],"ix":3},"o":{"a":0,"k":100,"ix":4},"w":{"a":0,"k":1.143,"ix":5},"lc":1,"lj":1,"ml":10,"bm":0,"nm":"Stroke 1","mn":"ADBE Vector Graphic - Stroke","hd":false},{"ty":"tr","p":{"a":0,"k":[16.226,117.159],"ix":2},"a":{"a":0,"k":[0,0],"ix":1},"s":{"a":0,"k":[100,100],"ix":3},"r":{"a":0,"k":0,"ix":6},"o":{"a":0,"k":100,"ix":7},"sk":{"a":0,"k":0,"ix":4},"sa":{"a":0,"k":0,"ix":5},"nm":"Transform"}],"nm":"Group 5","np":2,"cix":2,"bm":0,"ix":5,"mn":"ADBE Vector Group","hd":false},{"ty":"gr","it":[{"ind":0,"ty":"sh","ix":1,"ks":{"a":0,"k":{"i":[[0,0],[5.632,-6.855]],"o":[[0,0],[0,0]],"v":[[-4.264,-5.709],[-1.368,5.709]],"c":false},"ix":2},"nm":"Path 1","mn":"ADBE Vector Shape - Group","hd":false},{"ty":"st","c":{"a":0,"k":[0.102000000898,0.102000000898,0.102000000898,1],"ix":3},"o":{"a":0,"k":100,"ix":4},"w":{"a":0,"k":0.572,"ix":5},"lc":2,"lj":2,"bm":0,"nm":"Stroke 1","mn":"ADBE Vector Graphic - Stroke","hd":false},{"ty":"tr","p":{"a":0,"k":[143.757,118.582],"ix":2},"a":{"a":0,"k":[0,0],"ix":1},"s":{"a":0,"k":[100,100],"ix":3},"r":{"a":0,"k":0,"ix":6},"o":{"a":0,"k":100,"ix":7},"sk":{"a":0,"k":0,"ix":4},"sa":{"a":0,"k":0,"ix":5},"nm":"Transform"}],"nm":"Group 6","np":2,"cix":2,"bm":0,"ix":6,"mn":"ADBE Vector Group","hd":false},{"ty":"gr","it":[{"ind":0,"ty":"sh","ix":1,"ks":{"a":0,"k":{"i":[[0,0],[5.563,-11.542]],"o":[[0,0],[0,0]],"v":[[6.701,-3.156],[-6.701,5.771]],"c":false},"ix":2},"nm":"Path 1","mn":"ADBE Vector Shape - Group","hd":false},{"ty":"st","c":{"a":0,"k":[0.102000000898,0.102000000898,0.102000000898,1],"ix":3},"o":{"a":0,"k":100,"ix":4},"w":{"a":0,"k":0.572,"ix":5},"lc":2,"lj":2,"bm":0,"nm":"Stroke 1","mn":"ADBE Vector Graphic - Stroke","hd":false},{"ty":"tr","p":{"a":0,"k":[142.389,112.75],"ix":2},"a":{"a":0,"k":[0,0],"ix":1},"s":{"a":0,"k":[100,100],"ix":3},"r":{"a":0,"k":0,"ix":6},"o":{"a":0,"k":100,"ix":7},"sk":{"a":0,"k":0,"ix":4},"sa":{"a":0,"k":0,"ix":5},"nm":"Transform"}],"nm":"Group 7","np":2,"cix":2,"bm":0,"ix":7,"mn":"ADBE Vector Group","hd":false},{"ty":"gr","it":[{"ind":0,"ty":"sh","ix":1,"ks":{"a":0,"k":{"i":[[0,0],[-6.955,-4.111],[4.744,-7.588],[4.235,5.828]],"o":[[0,0],[6.956,4.11],[-4.742,7.588],[0,0]],"v":[[-7.979,-12.688],[4.838,-17.051],[4.838,9.824],[-11.794,15.334]],"c":false},"ix":2},"nm":"Path 1","mn":"ADBE Vector Shape - Group","hd":false},{"ty":"st","c":{"a":0,"k":[0.102000000898,0.102000000898,0.102000000898,1],"ix":3},"o":{"a":0,"k":100,"ix":4},"w":{"a":0,"k":1.143,"ix":5},"lc":1,"lj":1,"ml":10,"bm":0,"nm":"Stroke 1","mn":"ADBE Vector Graphic - Stroke","hd":false},{"ty":"tr","p":{"a":0,"k":[145.012,117.159],"ix":2},"a":{"a":0,"k":[0,0],"ix":1},"s":{"a":0,"k":[100,100],"ix":3},"r":{"a":0,"k":0,"ix":6},"o":{"a":0,"k":100,"ix":7},"sk":{"a":0,"k":0,"ix":4},"sa":{"a":0,"k":0,"ix":5},"nm":"Transform"}],"nm":"Group 8","np":2,"cix":2,"bm":0,"ix":8,"mn":"ADBE Vector Group","hd":false},{"ty":"gr","it":[{"ind":0,"ty":"sh","ix":1,"ks":{"a":0,"k":{"i":[[0,0],[62.625,0],[0,0],[-62.744,0]],"o":[[0,0],[-62.624,0],[0,0],[58.399,0]],"v":[[55.667,-20.992],[-0.001,82.597],[-57.6,-20.992],[2.12,-82.597]],"c":true},"ix":2},"nm":"Path 1","mn":"ADBE Vector Shape - Group","hd":false},{"ty":"st","c":{"a":0,"k":[0.102000000898,0.102000000898,0.102000000898,1],"ix":3},"o":{"a":0,"k":100,"ix":4},"w":{"a":0,"k":1.143,"ix":5},"lc":1,"lj":1,"ml":10,"bm":0,"nm":"Stroke 1","mn":"ADBE Vector Graphic - Stroke","hd":false},{"ty":"tr","p":{"a":0,"k":[81.384,105.023],"ix":2},"a":{"a":0,"k":[0,0],"ix":1},"s":{"a":0,"k":[100,100],"ix":3},"r":{"a":0,"k":0,"ix":6},"o":{"a":0,"k":100,"ix":7},"sk":{"a":0,"k":0,"ix":4},"sa":{"a":0,"k":0,"ix":5},"nm":"Transform"}],"nm":"Group 9","np":2,"cix":2,"bm":0,"ix":9,"mn":"ADBE Vector Group","hd":false},{"ty":"gr","it":[{"ind":0,"ty":"sh","ix":1,"ks":{"a":0,"k":{"i":[[0,0],[-18.212,-10.377],[-8.974,12.292],[0,13.268],[21.742,-0.901]],"o":[[0,0],[13.222,7.535],[4.476,-6.13],[0,0],[-21.742,0.902]],"v":[[-38.327,-18.438],[-8.859,14.285],[30.441,6.605],[38.327,-21.819],[2.003,-1.714]],"c":true},"ix":2},"nm":"Path 1","mn":"ADBE Vector Shape - Group","hd":false},{"ty":"fl","c":{"a":0,"k":[0.102000000898,0.102000000898,0.102000000898,1],"ix":4},"o":{"a":0,"k":100,"ix":5},"r":1,"bm":0,"nm":"Fill 1","mn":"ADBE Vector Graphic - Fill","hd":false},{"ty":"tr","p":{"a":0,"k":[82.277,189.335],"ix":2},"a":{"a":0,"k":[0,0],"ix":1},"s":{"a":0,"k":[100,100],"ix":3},"r":{"a":0,"k":0,"ix":6},"o":{"a":0,"k":100,"ix":7},"sk":{"a":0,"k":0,"ix":4},"sa":{"a":0,"k":0,"ix":5},"nm":"Transform"}],"nm":"Group 10","np":2,"cix":2,"bm":0,"ix":10,"mn":"ADBE Vector Group","hd":false},{"ty":"gr","it":[{"ind":0,"ty":"sh","ix":1,"ks":{"a":0,"k":{"i":[[0,0],[0,0],[31.326,-5.429]],"o":[[0,0],[0,0],[0,0]],"v":[[20.126,-33.473],[20.126,10.072],[-20.126,33.473]],"c":false},"ix":2},"nm":"Path 1","mn":"ADBE Vector Shape - Group","hd":false},{"ty":"st","c":{"a":0,"k":[0.102000000898,0.102000000898,0.102000000898,1],"ix":3},"o":{"a":0,"k":100,"ix":4},"w":{"a":0,"k":1.143,"ix":5},"lc":2,"lj":2,"bm":0,"nm":"Stroke 1","mn":"ADBE Vector Graphic - Stroke","hd":false},{"ty":"tr","p":{"a":0,"k":[22.984,203.196],"ix":2},"a":{"a":0,"k":[0,0],"ix":1},"s":{"a":0,"k":[100,100],"ix":3},"r":{"a":0,"k":0,"ix":6},"o":{"a":0,"k":100,"ix":7},"sk":{"a":0,"k":0,"ix":4},"sa":{"a":0,"k":0,"ix":5},"nm":"Transform"}],"nm":"Group 11","np":2,"cix":2,"bm":0,"ix":11,"mn":"ADBE Vector Group","hd":false},{"ty":"gr","it":[{"ind":0,"ty":"sh","ix":1,"ks":{"a":0,"k":{"i":[[0,0],[2.913,13.574],[0,0]],"o":[[0,0],[0,0],[0,0]],"v":[[22.208,33.258],[-22.208,10.287],[-22.208,-33.258]],"c":false},"ix":2},"nm":"Path 1","mn":"ADBE Vector Shape - Group","hd":false},{"ty":"st","c":{"a":0,"k":[0.102000000898,0.102000000898,0.102000000898,1],"ix":3},"o":{"a":0,"k":100,"ix":4},"w":{"a":0,"k":1.143,"ix":5},"lc":2,"lj":2,"bm":0,"nm":"Stroke 1","mn":"ADBE Vector Graphic - Stroke","hd":false},{"ty":"tr","p":{"a":0,"k":[141.578,202.981],"ix":2},"a":{"a":0,"k":[0,0],"ix":1},"s":{"a":0,"k":[100,100],"ix":3},"r":{"a":0,"k":0,"ix":6},"o":{"a":0,"k":100,"ix":7},"sk":{"a":0,"k":0,"ix":4},"sa":{"a":0,"k":0,"ix":5},"nm":"Transform"}],"nm":"Group 12","np":2,"cix":2,"bm":0,"ix":12,"mn":"ADBE Vector Group","hd":false}],"ip":0,"op":300.00001221925,"st":0,"bm":0},{"ddd":0,"ind":23,"ty":4,"nm":"BACKGROUND Outlines","sr":1,"ks":{"o":{"a":0,"k":100,"ix":11},"r":{"a":0,"k":0,"ix":10},"p":{"a":0,"k":[250.119,250,0],"ix":2},"a":{"a":0,"k":[250.131,250.25,0],"ix":1},"s":{"a":0,"k":[100,100,100],"ix":6}},"ao":0,"shapes":[{"ty":"gr","it":[{"ind":0,"ty":"sh","ix":1,"ks":{"a":0,"k":{"i":[[0,0],[0,0],[0,0],[0,0]],"o":[[0,0],[0,0],[0,0],[0,0]],"v":[[-249.881,250],[249.881,250],[249.881,-250],[-249.881,-250]],"c":true},"ix":2},"nm":"Path 1","mn":"ADBE Vector Shape - Group","hd":false},{"ty":"fl","c":{"a":0,"k":[0.964999988032,0.964999988032,0.957000014361,1],"ix":4},"o":{"a":0,"k":100,"ix":5},"r":1,"bm":0,"nm":"Fill 1","mn":"ADBE Vector Graphic - Fill","hd":false},{"ty":"tr","p":{"a":0,"k":[250.131,250.25],"ix":2},"a":{"a":0,"k":[0,0],"ix":1},"s":{"a":0,"k":[100,100],"ix":3},"r":{"a":0,"k":0,"ix":6},"o":{"a":0,"k":100,"ix":7},"sk":{"a":0,"k":0,"ix":4},"sa":{"a":0,"k":0,"ix":5},"nm":"Transform"}],"nm":"Group 1","np":2,"cix":2,"bm":0,"ix":1,"mn":"ADBE Vector Group","hd":false}],"ip":0,"op":300.00001221925,"st":0,"bm":0}],"markers":[]}